Identifiant facture,Numéro de facture,Date,Échéance,Tiers,Identifiant tiers,Référence tiers,Siren tiers,Total TTC,Total TVA,Total HT,Devise,Fichier,Date d'import,Date de modification,Période d'imputation,Statut,Brouillon,Remise,Type de remise,Montant payé (TTC),Montant restant (TTC),Titre de la facture,Description de la facture,Champ libre,Mentions spéciales,Commentaires,Date de paiement
FEC000001,F210312_01,12/03/2021,,"OBSOLETE",90000006,,,"700,00 €","116,67 €","583,33 €",€,,,,,Encaissée,FALSE,0,relative,"700,00 €","0,00 €",F210312_01,,,,,01/10/2021
FEC000002,KKBB-PROJET-27069,02/04/2021,,"KISSKISSBANKBANK & CO",90000007,,,"9 862,40 €","0,00 €","9 862,40 €",€,,,,,Encaissée,FALSE,0,relative,"9 862,40 €","0,00 €",KKBB-PROJET-27069,,,,,01/10/2021
FEC000003,210505_02,05/05/2021,,"Mapping Festival",90000005,,,"912,17 €","0,00 €","912,17 €",€,,,,,Encaissée,FALSE,0,relative,"912,17 €","0,00 €",210505_02,,,,,01/10/2021
FEC000004,F21052702,27/05/2021,,"LES STUDIOS MOMENT FACTORY INC",90000008,,,"4 200,00 €","0,00 €","4 200,00 €",€,,,,,Encaissée,FALSE,0,relative,"4 200,00 €","0,00 €",F21052702,,,,,01/10/2021
FEC000005,21052701,27/05/2021,,"MOCO Museum",90000001,,,"4 250,00 €","0,00 €","4 250,00 €",€,,,,,Encaissée,FALSE,0,relative,"4 250,00 €","0,00 €",21052701,,,,,01/10/2021
FEC000006,F21053101,01/06/2021,,"COMMUNAUTE DE COMMUNES OCEAN MARAIS DE MONTS",90000002,,,"1 448,40 €","241,40 €","1 207,00 €",€,,,,,Encaissée,FALSE,0,relative,"1 448,40 €","0,00 €",F21053101,,,,,01/10/2021
FEC000007,F21061602,16/06/2021,,"COMPAGNIE ECLAT DE LYRE",90000004,,,"301,44 €","50,24 €","251,20 €",€,,,,,Encaissée,FALSE,0,relative,"301,44 €","0,00 €",F21061602,,,,,03/12/2021
FEC000008,F21061601,16/06/2021,,"ASSOCIATION  CINEMAS 93",90000003,,,"1 678,80 €","279,80 €","1 399,00 €",€,,,,,Encaissée,FALSE,0,relative,"1 678,80 €","0,00 €",F21061601,,,,,01/10/2021
FEC000009,F21063001,30/06/2021,,"MOCO Museum",90000001,,,"17 000,00 €","0,00 €","17 000,00 €",€,,,,,Encaissée,FALSE,0,relative,"17 000,00 €","0,00 €",F21063001,,,,,01/10/2021
FEC000010,F-2021-06-001,30/06/2021,,"COMMUNAUTE DE COMMUNES OCEAN MARAIS DE MONTS",90000002,,,"49,42 €","0,00 €","49,42 €",€,,,,,Encaissée,FALSE,0,relative,"49,42 €","0,00 €",F-2021-06-001,,,,,01/10/2021
FEC000011,F20210702,23/07/2021,,"ASSOCIATION  CINEMAS 93",90000003,,,"13 189,20 €","2 198,20 €","10 991,00 €",€,,,,,Encaissée,FALSE,0,relative,"13 189,20 €","0,00 €",F20210702,,,,,01/10/2021
FEC000012,F20210803,09/08/2021,,"PAPA'S PRODUCTION",90000009,,,"7 286,40 €","1 214,40 €","6 072,00 €",€,,,,,Encaissée,FALSE,0,relative,"7 286,40 €","0,00 €",F20210803,,,,,09/11/2021
FEC000013,F20210804,17/08/2021,,"Ville d'Angers",90000010,,,"3 627,00 €","604,50 €","3 022,50 €",€,,,,,Encaissée,FALSE,0,relative,"3 627,00 €","0,00 €",F20210804,,,,,09/11/2021
FEC000014,F20210905,01/09/2021,,"COMMUNAUTE DE COMMUNES OCEAN MARAIS DE MONTS",90000002,,,"5 793,60 €","965,60 €","4 828,00 €",€,,,,,Encaissée,FALSE,0,relative,"5 793,60 €","0,00 €",F20210905,,,,,09/11/2021
FEC000015,F20210906,02/09/2021,,"COMMUNAUTE DE COMMUNES OCEAN MARAIS DE MONTS",90000002,,,"28,00 €","0,00 €","28,00 €",€,,,,,Encaissée,FALSE,0,relative,"28,00 €","0,00 €",F20210906,,,,,09/11/2021
FEC000016,F20210907,06/09/2021,,"S.A.M.O.A. SOC AMENA METR OUEST ATLANT",90000011,,,"3 060,00 €","510,00 €","2 550,00 €",€,,,,,Encaissée,FALSE,0,relative,"3 060,00 €","0,00 €",F20210907,,,,,09/11/2021
FEC000017,F20210908,13/09/2021,,"COMMUNAUTE DE COMMUNES OCEAN MARAIS DE MONTS",90000002,,,"360,00 €","60,00 €","300,00 €",€,,,,,Encaissée,FALSE,0,relative,"360,00 €","0,00 €",F20210908,,,,,09/11/2021
FEC000018,F20210909,20/09/2021,,"S.A.M.O.A. SOC AMENA METR OUEST ATLANT",90000011,,,"3 060,00 €","510,00 €","2 550,00 €",€,,,,,Encaissée,FALSE,0,relative,"3 060,00 €","0,00 €",F20210909,,,,,03/12/2021
FEC000019,F20210910,24/09/2021,,"MOCO Museum",90000001,,,"21 250,00 €","0,00 €","21 250,00 €",€,,,,,Encaissée,FALSE,0,relative,"21 250,00 €","0,00 €",F20210910,,,,,03/12/2021
FEC000020,F20210911,24/09/2021,,"FIFF Namur",90000012,,,"1 210,00 €","0,00 €","1 210,00 €",€,,,,,Encaissée,FALSE,0,relative,"1 210,00 €","0,00 €",F20210911,,,,,03/12/2021
FEC000021,F20210912,28/09/2021,,"METROPOLE ROUEN NORMANDIE",90000013,,,"6 218,40 €","1 036,40 €","5 182,00 €",€,,,,,Encaissée,FALSE,0,relative,"6 218,40 €","0,00 €",F20210912,,,,,09/11/2021
FEC000022,F20211013,19/10/2021,,"ESATCO Orvault",90000014,,,"360,00 €","60,00 €","300,00 €",€,,,,,Encaissée,FALSE,0,relative,"360,00 €","0,00 €",F20211013,,,,,16/03/2022
FEC000023,F20211014,19/10/2021,,"ESATCO Orvault",90000014,,,"828,00 €","138,00 €","690,00 €",€,,,,,Encaissée,FALSE,0,relative,"828,00 €","0,00 €",F20211014,,,,,16/03/2022
FEC000024,F20211015,19/10/2021,,"Mapping Festival",90000005,,,"1 867,00 €","0,00 €","1 867,00 €",€,,,,,Encaissée,FALSE,0,relative,"1 867,00 €","0,00 €",F20211015,,,,,09/11/2021
FEC000025,F20211116,01/11/2021,,"ETS PUBLIC PARC GRANDE HALLE VILLETTE",90000015,,,"1 799,76 €","299,96 €","1 499,80 €",€,,,,,Encaissée,FALSE,0,relative,"1 799,76 €","0,00 €",F20211116,,,,,11/01/2022
FEC000026,F20211117,02/11/2021,,"Mapping Festival",90000005,,,"4 150,83 €","0,00 €","4 150,83 €",€,,,,,Encaissée,FALSE,0,relative,"4 150,83 €","0,00 €",F20211117,,,,,03/12/2021
FEC000027,F20211118,04/11/2021,,"SONGO",90000016,,,"7 754,00 €","1 292,33 €","6 461,67 €",€,,,,,Encaissée,FALSE,0,relative,"7 754,00 €","0,00 €",F20211118,,,,,03/12/2021
FEC000028,F20211119,04/11/2021,,"ASSOCIATION DES PARENTS DE L'ECOLE EMILE PEHANT",90000017,,,"331,20 €","0,00 €","331,20 €",€,,,,,Encaissée,FALSE,0,relative,"331,20 €","0,00 €",F20211119,,,,,03/12/2021
FEC000029,F20211120,19/11/2021,,"ASSOCIATION  CINEMAS 93",90000003,,,"504,00 €","84,00 €","420,00 €",€,,,,,Encaissée,FALSE,0,relative,"504,00 €","0,00 €",F20211120,,,,,03/12/2021
FEC000030,F20211121,19/11/2021,,"ASSOCIATION  CINEMAS 93",90000003,,,"330,00 €","55,00 €","275,00 €",€,,,,,Encaissée,FALSE,0,relative,"330,00 €","0,00 €",F20211121,,,,,03/12/2021
FEC000031,F20211122,23/11/2021,,"COMMUNE DE NOIRMOUTIER-EN-L'ILE",90000018,,,"2 303,10 €","383,85 €","1 919,25 €",€,,,,,Encaissée,FALSE,0,relative,"2 303,10 €","0,00 €",F20211122,,,,,11/01/2022
FEC000032,F20211123,30/11/2021,,"COMMUNE DU PETIT QUEVILLY",90000019,,,"1 440,00 €","240,00 €","1 200,00 €",€,,,,,Encaissée,FALSE,0,relative,"1 440,00 €","0,00 €",F20211123,,,,,11/01/2022
FEC000033,F20211224,10/12/2021,,"METROPOLE ROUEN NORMANDIE",90000013,,,"6 564,00 €","1 094,00 €","5 470,00 €",€,,,,,Encaissée,FALSE,0,relative,"6 564,00 €","0,00 €",F20211224,,,,,11/01/2022
FEC000034,F20211225,10/12/2021,,"Ville de Rouen",90000020,,,"1 440,00 €","240,00 €","1 200,00 €",€,,,,,Encaissée,FALSE,0,relative,"1 440,00 €","0,00 €",F20211225,,,,,16/03/2022
FEC000035,F20211226,23/12/2021,,"COMMUNE DE NOIRMOUTIER-EN-L'ILE",90000018,,,"5 373,90 €","895,65 €","4 478,25 €",€,,,,,Encaissée,FALSE,0,relative,"5 373,90 €","0,00 €",F20211226,,,,,16/03/2022
FEC000036,F20220127,05/01/2022,,"COMPAGNIE ECLAT DE LYRE",90000004,,,"2 713,00 €","452,17 €","2 260,83 €",€,,,,,Encaissée,FALSE,0,relative,"2 713,00 €","0,00 €",F20220127,,,,,21/04/2022
FEC000037,F20220128,13/01/2022,,"SUPERBIEN",90000022,,,"2 340,00 €","390,00 €","1 950,00 €",€,,,,,Encaissée,FALSE,0,relative,"2 340,00 €","0,00 €",F20220128,,,,,16/03/2022
FEC000038,F20220129,31/01/2022,,"Mediatheque Jean-Monnet",90000023,,,"2 356,80 €","392,80 €","1 964,00 €",€,,,,,Encaissée,FALSE,0,relative,"2 356,80 €","0,00 €",F20220129,,,,,16/03/2022
FEC000039,F20220130,31/01/2022,,"OBSOLETE",90000006,,,"1 284,00 €","214,00 €","1 070,00 €",€,,,,,Encaissée,FALSE,0,relative,"1 284,00 €","0,00 €",F20220130,,,,,16/03/2022
FEC000040,F20220231,28/02/2022,,"COMMUNE DE MAROLLES EN BRIE",90000024,,,"301,92 €","50,32 €","251,60 €",€,,,,,Encaissée,FALSE,0,relative,"301,92 €","0,00 €",F20220231,,,,,21/04/2022
FEC000041,F20220232,28/02/2022,,"ETS PUBLIC PARC GRANDE HALLE VILLETTE",90000015,,,"1 574,40 €","262,40 €","1 312,00 €",€,,,,,Encaissée,FALSE,0,relative,"1 574,40 €","0,00 €",F20220232,,,,,30/06/2022
FEC000042,F20220333,15/03/2022,,"Ville de Pau, Direction Culture",90000025,,,"2 292,48 €","382,08 €","1 910,40 €",€,,,,,Encaissée,FALSE,0,relative,"2 292,48 €","0,00 €",F20220333,,,,,10/05/2022
FEC000043,F20220334,24/03/2022,,"SUPERBIEN",90000022,,,"17 880,00 €","2 980,00 €","14 900,00 €",€,,,,,Encaissée,FALSE,0,relative,"17 880,00 €","0,00 €",F20220334,,,,,10/05/2022
FEC000044,F20220635,13/06/2022,,"Alain Perreten",90000026,,,"1 428,00 €","238,00 €","1 190,00 €",€,,,,,Encaissée,FALSE,0,relative,"1 428,00 €","0,00 €",F20220635,,,,,08/08/2022
FEC000045,F20220636,20/06/2022,,"CC PAYS DE FONTENAY-VENDEE",90000027,,,"1 106,10 €","184,35 €","921,75 €",€,,,,,Encaissée,FALSE,0,relative,"1 106,10 €","0,00 €",F20220636,,,,,08/08/2022
FEC000046,F20220737,12/07/2022,,"COMMUNE DE CROISSY SUR SEINE",90000028,,,"2 855,52 €","475,92 €","2 379,60 €",€,,,,,Encaissée,FALSE,0,relative,"2 855,52 €","0,00 €",F20220737,,,,,13/10/2022
FEC000047,F20220838,04/08/2022,,"LES STUDIOS MOMENT FACTORY INC",90000008,,,"9 849,00 €","0,00 €","9 849,00 €",€,,,,,Encaissée,FALSE,0,relative,"9 849,00 €","0,00 €",F20220838,,,,,13/10/2022
FEC000048,F20220939,14/09/2022,,"ETS PUBLIC PARC GRANDE HALLE VILLETTE",90000015,,,"2 902,80 €","483,80 €","2 419,00 €",€,,,,,Encaissée,FALSE,0,relative,"2 902,80 €","0,00 €",F20220939,,,,,24/11/2022
FEC000049,F20220940,23/09/2022,,"COMMUNAUTE D'AGGLOMERATION SEINE EURE",90000029,,,"11 232,00 €","1 872,00 €","9 360,00 €",€,,,,,Encaissée,FALSE,0,relative,"11 232,00 €","0,00 €",F20220940,,,,,24/11/2022
FEC000050,F20221041,12/10/2022,,"RENCONTRES AUDIOVISUELLES",90000030,,,"1 915,92 €","319,32 €","1 596,60 €",€,,,,,Encaissée,FALSE,0,relative,"1 915,92 €","0,00 €",F20221041,,,,,24/11/2022
FEC000051,F20221042,26/10/2022,,"Oasis Studios Immersifs",90000031,,,"1 443,60 €","0,00 €","1 443,60 €",€,,,,,Encaissée,FALSE,0,relative,"1 443,60 €","0,00 €",F20221042,,,,,13/06/2023
FEC000052,F20221043,26/10/2022,,"Oasis Studios Immersifs",90000031,,,"3 368,40 €","0,00 €","3 368,40 €",€,,,,,Encaissée,FALSE,0,relative,"3 368,40 €","0,00 €",F20221043,,,,,13/06/2023
FEC000053,F20221044,28/10/2022,,"METROPOLE NANTES METROPOLE",90000032,,,"2 346,00 €","391,00 €","1 955,00 €",€,,,,,Encaissée,FALSE,0,relative,"2 346,00 €","0,00 €",F20221044,,,,,21/04/2023
FEC000054,F20221145,25/11/2022,,"ETS PUBLIC PARC GRANDE HALLE VILLETTE",90000015,,,"4 497,00 €","749,50 €","3 747,50 €",€,,,,,Encaissée,FALSE,0,relative,"4 497,00 €","0,00 €",F20221145,,,,,21/04/2023
FEC000055,F20221146,25/11/2022,,"COMMUNE D APT",90000033,,,"1 948,20 €","324,70 €","1 623,50 €",€,,,,,Encaissée,FALSE,0,relative,"1 948,20 €","0,00 €",F20221146,,,,,21/04/2023
FEC000056,F20221147,27/11/2022,,"COMMUNE DE SAINT-PHILBERT-DE-GRAND-LIEU",90000034,,,"7 275,84 €","1 212,64 €","6 063,20 €",€,,,,,Encaissée,FALSE,0,relative,"7 275,84 €","0,00 €",F20221147,,,,,21/04/2023
FEC000057,F20221148,27/11/2022,,"COMMUNE DE SAINT-PHILBERT-DE-GRAND-LIEU",90000034,,,"360,00 €","60,00 €","300,00 €",€,,,,,Encaissée,FALSE,0,relative,"360,00 €","0,00 €",F20221148,,,,,21/04/2023
FEC000058,F20221249,08/12/2022,,"SUPERBIEN",90000022,,,"4 920,00 €","820,00 €","4 100,00 €",€,,,,,Encaissée,FALSE,0,relative,"4 920,00 €","0,00 €",F20221249,,,,,13/06/2023
FEC000059,F20221250,29/12/2022,,"COMMUNE DE LORIENT",90000035,,,"16 584,24 €","2 764,04 €","13 820,20 €",€,,,,,Encaissée,FALSE,0,relative,"16 584,24 €","0,00 €",F20221250,,,,,13/06/2023
FEC000060,F20230351,08/03/2023,,"COMMUNE DE SAINT-GILLES-CROIX-DE-VIE",90000037,,,"1 598,40 €","266,40 €","1 332,00 €",€,,,,,Encaissée,FALSE,0,relative,"1 598,40 €","0,00 €",F20230351,,,,,13/06/2023
FEC000061,F20230352,09/03/2023,,"FERTILE",90000038,,,"20 000,00 €","3 333,33 €","16 666,67 €",€,,,,,Encaissée,FALSE,0,relative,"20 000,00 €","0,00 €",F20230352,,,,,
FEC000062,F20230353,16/03/2023,,"FERTILE",90000038,,,"-20 000,00 €","-3 333,33 €","-16 666,67 €",€,,,,,Annulée,FALSE,0,relative,"0,00 €","0,00 €",F20230353,,,,,
FEC000063,F20230454,25/04/2023,,"LES STUDIOS MOMENT FACTORY INC",90000008,,,"7 019,25 €","0,00 €","7 019,25 €",€,,,,,Encaissée,FALSE,0,relative,"7 019,25 €","0,00 €",F20230454,,,,,16/08/2023NWREWV3ZIN,F202603132,10/03/2026,09/04/2026,Samaritaine,019aca71-45ca-795a-acf4-c7dbeb7892fd,,,"1 154,40 €","192,40 €","962,00 €",€,Facture-Samaritaine-LES FANTOMES PRODUCTIONS-F202603132.pdf,10/03/2026 15:30:32,10/03/2026 15:30:33,,À venir,FALSE,0,relative,"0,00 €","1 154,40 €",Frais techniques - Vitrines interactives 2026,,,A partir du devis numéro DEV00160,,
KO2PEEO3QC,F202603131,10/03/2026,09/04/2026,CULTURESPACES STUDIO,019ba903-c375-7901-93ab-4c0f49fb3bae,,833222201,"26 112,00 €","4 352,00 €","21 760,00 €",€,Facture-CULTURESPACES STUDIO-LES FANTOMES PRODUCTIONS-F202603131.pdf,10/03/2026 15:07:51,10/03/2026 15:15:42,,À venir,FALSE,0,absolute,"0,00 €","26 112,00 €",Atelier des Lumières - Renaissance - Zone interactive ,"Concepts, Direction et Suivi Design - Production - Intégration ",,A partir du devis numéro DEV00157,,
ML2TBQ4YPZ,QR7SR2 / HP5230270615,,,,,,,"-510,00 €","0,00 €","-510,00 €",€,"Capture d’écran, le 2026-02-24 à 11.17.40.png",24/02/2026 10:17:55,10/03/2026 10:52:30,,À traiter,FALSE,0,relative,"510,00 €","-510,00 €",,,,,,
XEECMUDPJU,F202602129,10/02/2026,12/03/2026,COMMUNE DE BOIS COLOMBES,019ac0e0-060a-72b7-aefb-16954d87e30b,,219200094,"1 740,00 €","290,00 €","1 450,00 €",€,Facture-COMMUNE DE BOIS COLOMBES-LES FANTOMES PRODUCTIONS-F202602129.pdf,10/02/2026 14:32:31,02/03/2026 10:26:26,,Encaissée,FALSE,0,absolute,"1 740,00 €","0,00 €",Création Fantômes en autonomie_ FE ANIM'ART 2026,Bon de commande CU260004,,"A partir du devis numéro DEV00149
Bon de commande CU260004",,27/02/2026
J33YTNPIG1,F202602128,06/02/2026,08/03/2026,Association des amis du Festival p.a Morat Festival des Lumières,01981cf9-39cd-7681-a129-0388045022ea,,,"4 425,60 €","0,00 €","4 425,60 €",€,Facture-Association des amis du Festival p.a Morat Festival des Lumières-LES FANTOMES PRODUCTIONS-F202602128.pdf,06/02/2026 10:39:36,09/02/2026 10:58:21,,Encaissée,FALSE,0,relative,"4 425,60 €","0,00 €",BUDGET FANTÔMOBILE_FE MORAT 10eme ÉDITION,17 et 18 NOV 2025 - Workshop 2J,,"A partir du devis numéro DEV00136
TVA non applicable – art. 259-1 du CGI",,05/02/2026
F9ZEHIMDJN,F202602126,05/02/2026,07/03/2026,KULTUR STUDIO SARL MuisK Productions,019aa83e-916d-7d97-bad2-e2c288ecd50e,,908328123,"5 755,20 €","959,20 €","4 796,00 €",€,Facture-KULTUR STUDIO SARL MuisK Productions-LES FANTOMES PRODUCTIONS-F202602126.pdf,05/02/2026 11:08:04,09/02/2026 10:58:14,,Encaissée,FALSE,45,relative,"5 755,20 €","0,00 €",Projection Mapping - IDEUZO @Château Maubreuil  4 fev 2026,,,A partir du devis numéro DEV00146,,06/02/2026
IJSPWQ191C,F202602127,05/02/2026,07/03/2026,Samaritaine,019aca71-45ca-795a-acf4-c7dbeb7892fd,,,"22 050,00 €","3 675,00 €","18 375,00 €",€,Facture-Samaritaine-LES FANTOMES PRODUCTIONS-F202602127.pdf,02/02/2026 14:39:49,10/03/2026 15:04:21,,Encaissée,FALSE,0,relative,"22 050,00 €","0,00 €",Activation Vitrines interactives spring_Samaritaine 2026 ,,PO #8300098707,"A partir du devis numéro DEV00152
PO #8300098707",,05/03/2026
UGV0BPIBTN,F202603130,10/03/2026,09/04/2026,CULTURESPACES STUDIO,019ba903-c375-7901-93ab-4c0f49fb3bae,,833222201,"6 528,00 €","1 088,00 €","5 440,00 €",€,Facture-CULTURESPACES STUDIO-LES FANTOMES PRODUCTIONS-F202603130.pdf,29/01/2026 09:35:09,10/03/2026 15:05:33,,Encaissée,FALSE,0,absolute,"6 528,00 €","0,00 €",Atelier des Lumières - Renaissance - Zone interactive ,"Concepts, Direction et Suivi Design - Production - Intégration ",,"A partir du devis numéro DEV00157
Versement d’un acompte de 20 % du montant total à validation du devis, nécessaire au lancement de la production des contenus 3D (modélisation, rigging et animation).",,04/03/2026
RTJW50W6MY,F202601125,07/01/2026,06/02/2026,Samaritaine,019aca71-45ca-795a-acf4-c7dbeb7892fd,,,"7 350,00 €","1 225,00 €","6 125,00 €",€,Facture-Samaritaine-LES FANTOMES PRODUCTIONS-F202601125.pdf,07/01/2026 15:03:26,10/03/2026 15:04:21,,Encaissée,FALSE,0,relative,"7 350,00 €","0,00 €",Activation vitrines Samaritaine 2026_Acompte validation projet,,PO #8300098707,"A partir du devis numéro DEV00152
PO #8300098707",,05/03/2026
1L51TA72OI,F202512124,18/12/2025,17/01/2026,FONDATION FRANCOIS SOMMER,44a5850b-4ce1-4a93-9be2-918bd152fc04,,784226763,"500,00 €","83,33 €","416,67 €",€,Facture-FONDATION FRANCOIS SOMMER-LES FANTOMES PRODUCTIONS-F202512124.pdf,18/12/2025 10:31:30,10/01/2026 09:16:22,,Encaissée,FALSE,0,relative,"500,00 €","0,00 €",Fourniture matériels pédagogiques pour ateliers,,Commande / Engagement: CC001270 / EN01350,A partir du devis numéro DEV00145,,29/12/2025
YZTBHQM3PD,F202512123,12/12/2025,11/01/2026,CORRESPONDANCES DIGITALES,019b1340-7710-70a2-9c74-ebe43804a789,,829329978,"240,00 €","40,00 €","200,00 €",€,Facture-CORRESPONDANCES DIGITALES-LES FANTOMES PRODUCTIONS-F202512123.pdf,12/12/2025 15:50:47,10/01/2026 09:18:37,,Encaissée,FALSE,0,relative,"240,00 €","0,00 €",BUDGET TRANSPORT_NUMIX LAB 2025,,,,,17/12/2025
BYUQLPYNH5,F202512122,08/12/2025,07/01/2026,KULTUR STUDIO SARL MuisK Productions,019aa83e-916d-7d97-bad2-e2c288ecd50e,,908328123,"1 438,80 €","239,80 €","1 199,00 €",€,Facture-KULTUR STUDIO SARL MuisK Productions-LES FANTOMES PRODUCTIONS-F202512122.pdf,08/12/2025 14:52:26,15/12/2025 11:45:16,,Encaissée,FALSE,45,relative,"1 438,80 €","0,00 €",Projection Mapping - IDEUZO @Château Maubreuil  4 fev 2026,,,A partir du devis numéro DEV00146,,11/12/2025
IE77TYAIT2,F202511121,28/11/2025,28/12/2025,FONDATION FRANCOIS SOMMER,44a5850b-4ce1-4a93-9be2-918bd152fc04,,784226763,"10 000,00 €","1 666,67 €","8 333,33 €",€,Facture-FONDATION FRANCOIS SOMMER-LES FANTOMES PRODUCTIONS-F202511121.pdf,28/11/2025 11:40:34,12/01/2026 08:15:23,,Encaissée,FALSE,"1666,67",absolute,"10 000,00 €","0,00 €",PROJECTION SUR MESURE_FÊTE DE L'OURS_LIVRAISON _29.10.25,,,A partir du devis numéro DEV00151,,
UZ31CUOWWB,F202511120,28/11/2025,28/12/2025,FONDATION FRANCOIS SOMMER,44a5850b-4ce1-4a93-9be2-918bd152fc04,,784226763,"-10 000,00 €","0,00 €","-10 000,00 €",€,Avoir-FONDATION FRANCOIS SOMMER-LES FANTOMES PRODUCTIONS-F202511120.pdf,28/11/2025 11:26:17,28/01/2026 09:24:31,,Annulée,FALSE,-800,absolute,"0,00 €","0,00 €",PROJECTION SUR MESURE_FÊTE DE L'OURS_26.02.25,FACTURATION SOLDE,REF DEVIS DEV00132,Avoir concernant la facture F202511116,,
OLEFM266ET,F202511118,21/11/2025,21/12/2025,Association des amis du Festival p.a Morat Festival des Lumières,01981cf9-39cd-7681-a129-0388045022ea,,,"3 319,20 €","0,00 €","3 319,20 €",€,Facture-Association des amis du Festival p.a Morat Festival des Lumières-LES FANTOMES PRODUCTIONS-F202511118.pdf,21/11/2025 14:51:26,24/11/2025 13:59:42,,Encaissée,FALSE,0,relative,"3 319,20 €","0,00 €",BUDGET FANTÔMOBILE_FE MORAT 10eme ÉDITION,17 et 18 NOV 2025 - Workshop 2J,,"A partir du devis numéro DEV00136
TVA non applicable – art. 259-1 du CGI",,21/11/2025
7TWK8JT1NK,F202511117,05/11/2025,05/12/2025,ROUEN NORMANDIE SITES ET MONUMENTS,0197f8b1-91d4-79bf-bbb4-6a49655dd723,,200044899,"19 066,00 €","3 177,67 €","15 888,33 €",€,Facture-ROUEN NORMANDIE SITES ET MONUMENTS-LES FANTOMES PRODUCTIONS-F202511117.pdf,05/11/2025 14:35:53,21/11/2025 14:29:55,,Encaissée,FALSE,0,relative,"19 066,00 €","0,00 €",FETES MACABRES 2025_FANTOMOBILE ET FANTOMATON,Partie 2,BDC PA250227,A partir du devis numéro DEV00135,,20/11/2025
R45OLJGSZD,F202511119,21/11/2025,21/12/2025,109,2ec8368f-6fdd-4aa3-985d-31fd52c1ce85,,818497778,"9 121,42 €","1 514,14 €","7 607,28 €",€,Facture-109-LES FANTOMES PRODUCTIONS-F202511119.pdf,04/11/2025 13:08:37,01/12/2025 10:03:52,,Encaissée,FALSE,0,relative,"9 121,42 €","0,00 €",Solde_Projet PARC DE BRANFÉRÉ_2025,'+ refacturation frais sur site,,A partir du devis numéro DEV00140,,24/11/2025
1CZIW3WCMF,F202511116,04/11/2025,04/12/2025,FONDATION FRANCOIS SOMMER,44a5850b-4ce1-4a93-9be2-918bd152fc04,,784226763,"10 000,00 €","0,00 €","10 000,00 €",€,Facture-FONDATION FRANCOIS SOMMER-LES FANTOMES PRODUCTIONS-F202511116.pdf,04/11/2025 12:47:50,18/12/2025 11:03:04,,Annulée,FALSE,800,absolute,"0,00 €","0,00 €",PROJECTION SUR MESURE_FÊTE DE L'OURS_26.02.25,FACTURATION SOLDE,REF DEVIS DEV00132,"TVA non-applicable, article 293 B du CGI",,09/12/2025
YRYA5QAYXT,F202510115,08/10/2025,07/11/2025,109,2ec8368f-6fdd-4aa3-985d-31fd52c1ce85,,818497778,"9 469,21 €","1 578,20 €","7 891,01 €",€,Facture-109-LES FANTOMES PRODUCTIONS-F202510115.pdf,08/10/2025 08:28:47,14/10/2025 10:22:23,,Encaissée,FALSE,0,relative,"9 469,21 €","0,00 €",Acompte 25%_Projet PARC DE BRANFÉRÉ_2025,'+ refacturation frais sur site,,,,08/10/2025
DHPW1R1VT7,F202509114,25/09/2025,25/10/2025,ASSOCIATION AURA,01997fe9-45ab-7ea5-acf4-fd242df211b8,,989221973,"4 800,00 €","800,00 €","4 000,00 €",€,Facture-ASSOCIATION AURA-LES FANTOMES PRODUCTIONS-F202509114.pdf,25/09/2025 08:07:10,11/03/2026 14:15:55,,En retard,FALSE,200,absolute,"0,00 €","4 800,00 €",Créa et projection en autonomie_La Liesse FE_SEPT 2025,avec contenu envoyé à distance,,A partir du devis numéro DEV00139,"Philippe Dubost le 11/03/2026
On a de gros soucis avec ce client qui nous assure attendre le réglement de la mairie qui devait prendre en charge notre prestation. Nous les avons encore relancer en début de semaine, avec ultimatum de nous payer avant la fin du mois sous peine de pénalités. On voulait justement aborder le sujet avec vous, comment faire pour les sommer de payer si toujours pas de règlement à la fin du mois ?


Aurore CLAVERY le 05/02/2026
@Philippe Dubost est-ce normal que cette facture ne soit pas encore payée ? ",
9PVD74CQPG,F202507113,18/07/2025,17/08/2025,ROUEN NORMANDIE SITES ET MONUMENTS,0197f8b1-91d4-79bf-bbb4-6a49655dd723,,200044899,"7 320,00 €","1 220,00 €","6 100,00 €",€,Facture-ROUEN NORMANDIE SITES ET MONUMENTS-LES FANTOMES PRODUCTIONS-F202507113.pdf,18/07/2025 10:21:07,08/09/2025 08:06:07,,Encaissée,FALSE,0,relative,"7 320,00 €","0,00 €",FETES MACABRES 2025_FANTOMOBILE ET FANTOMATON ,Partie 1,BDC PA250227,,,14/08/2025
V8NSNQSUYA,F202507112,18/07/2025,17/08/2025,Association des amis du Festival p.a Morat Festival des Lumières,01981cf9-39cd-7681-a129-0388045022ea,,,"3 319,20 €","0,00 €","3 319,20 €",€,Facture-Association des amis du Festival p.a Morat Festival des Lumières-LES FANTOMES PRODUCTIONS-F202507112.pdf,18/07/2025 10:05:54,08/08/2025 13:53:37,,Encaissée,FALSE,0,relative,"3 319,20 €","0,00 €",BUDGET FANTÔMOBILE_FE MORAT 10eme ÉDITION,"NOV 2025: 2j d'animation - Jauge de 40 pers/j 
JAN 2026: Restitution avec trame sonore en autonomie",,"A partir du devis numéro DEV00136
TVA non applicable – art. 259-1 du CGI",,24/07/2025
4EBEIEE6RW,F202507111,16/07/2025,15/08/2025,Derivative,019814e7-cd7a-757b-b2f5-fb345c2c3ed9,,,"220,00 €","0,00 €","220,00 €",€,Facture-Derivative-LES FANTOMES PRODUCTIONS-F202507111.pdf,16/07/2025 20:24:22,08/08/2025 13:53:30,,Encaissée,FALSE,0,relative,"220,00 €","0,00 €",Paris Touchdesigner Meetup - Philippe Dubost Presentation ,,,,,21/07/2025
YNS46E1ZPM,F202505110,26/05/2025,25/06/2025,CC INTERCOM BERNAY TERRES DE NORMANDIE,01970bfb-b430-76ca-8a32-1d6b1742e7b1,,200066413,"10 200,00 €","1 700,00 €","8 500,00 €",€,Facture-CC INTERCOM BERNAY TERRES DE NORMANDIE-LES FANTOMES PRODUCTIONS-F202505110.pdf,26/05/2025 10:06:43,10/06/2025 14:46:34,,Encaissée,FALSE,0,relative,"10 200,00 €","0,00 €",FANTÔMOBILE BERNAY_FE MAGNETIK_21-23MAI2025,,BDC DC250034,,,04/06/2025
VXHJEA3MNY,F202503109,21/03/2025,20/04/2025,109,2ec8368f-6fdd-4aa3-985d-31fd52c1ce85,,818497778,"16 000,00 €","2 666,67 €","13 333,33 €",€,Facture-109-LES FANTOMES PRODUCTIONS-F202503109.pdf,21/03/2025 10:24:52,10/06/2025 14:59:54,,Encaissée,FALSE,0,relative,"16 000,00 €","0,00 €",Acompte 50%_Projet PARC DE BRANFÉRÉ_2025,,,,"Philippe Dubost le 10/06/2025
nous en étions à 50% mais pas besoin d'étaler le projet sur les 2 exercices nous avons procédé en 2 facturation pour simplifier


Charlène MARTIN le 03/06/2025
@Philippe Dubost à quel % d'avancement en étiez-vous au 30/04 ?",07/04/2025
BDCJPUEYZZ,F202502108,11/02/2025,13/03/2025,FONDATION FRANCOIS SOMMER,44a5850b-4ce1-4a93-9be2-918bd152fc04,,784226763,"7 000,00 €","0,00 €","7 000,00 €",€,Facture-FONDATION FRANCOIS SOMMER-LES FANTOMES PRODUCTIONS-F202502108.pdf,11/02/2025 14:43:52,21/07/2025 13:25:50,01/10/2025 > 31/10/2025,Encaissée,FALSE,800,absolute,"7 000,00 €","0,00 €",PROJECTION SUR MESURE_FÊTE DE L'OURS_26.02.25,FACTURATION INTERMÉDIAIRE_REPORT EVENEMENT,REF DEVIS DEV00132,"TVA non-applicable, article 293 B du CGI","Charlène MARTIN le 12/06/2025
@Philippe Dubost Ah mais ça ne marche pas comme ça 😅 Vous vous êtes assujetti à la TVA donc vous devez facturer avec de la TVA 

Philippe Dubost le 10/06/2025
la tva est non applicable car c'est une fondation non assujetti 


Philippe Dubost le 10/06/2025
mais cette facture reste dû pour l'exercice en cours on va les relancer tout de suite

Philippe Dubost le 10/06/2025
ah effectivement ce projet a été décalé à octobre 2025 à cause d'un problème technique il y a un acompte qui a été réglé, le reste sera dû pour octobre 2025


Charlène MARTIN le 03/06/2025
@Philippe Dubost Quand cette facture sera-t-elle réglée ?
+ Pourquoi il n'y a pas de TVA sur cette facture ?",23/06/2025
HBBJIEYEQF,F202501107,20/01/2025,19/02/2025,FONDATION FRANCOIS SOMMER,44a5850b-4ce1-4a93-9be2-918bd152fc04,,784226763,"3 000,00 €","0,00 €","3 000,00 €",€,Facture-FONDATION FRANCOIS SOMMER-LES FANTOMES PRODUCTIONS-F202501107.pdf,20/01/2025 13:59:43,22/05/2025 21:05:02,,Encaissée,FALSE,800,absolute,"3 000,00 €","0,00 €",PROJECTION SUR MESURE_FÊTE DE L'OURS_26.02.25,ACOMPTE 15%,REF DEVIS DEV00132,"TVA non-applicable, article 293 B du CGI","Charlène MARTIN le 03/06/2025
@Philippe Dubost Faut-il déduire cet acompte de la facture intermédiaire ?",04/03/2025
H8QE57Z5ET,F202501106,07/01/2025,06/02/2025,COMMUNE DE SAUMUR,b453b995-3195-4c1e-aa3b-461fcf8db37c,,214903288,"1 373,90 €","228,98 €","1 144,92 €",€,Facture-COMMUNE DE SAUMUR-LES FANTOMES PRODUCTIONS-F202501106.pdf,07/01/2025 16:39:25,03/06/2025 09:33:33,,Encaissée,FALSE,0,relative,"1 373,90 €","0,00 €",Acompte 15%_Projet FANTÔMOBILE SAUMUR_Déc.2024,,**DEV00117,,,30/09/2024
NEKQNVHZSF,F202501105,06/01/2025,05/02/2025,COMMUNE D APT,acd920e6-deb4-4952-8dd4-f614b3a9827b,,218400034,"21 928,90 €","4 040,88 €","17 888,02 €",€,Facture-COMMUNE D APT-LES FANTOMES PRODUCTIONS-F202501105.pdf,06/01/2025 10:21:42,03/06/2025 09:40:55,,Encaissée,FALSE,0,absolute,"21 928,90 €","0,00 €",Projet APT_Marché de Noël_Solde_Déc.2024,,BDC 24D004776,,,20/01/2025
BQ033PWUEB,F202501104,06/01/2025,05/02/2025,COMMUNE D APT,acd920e6-deb4-4952-8dd4-f614b3a9827b,,218400034,"2 400,00 €","400,00 €","2 000,00 €",€,Facture-COMMUNE D APT-LES FANTOMES PRODUCTIONS-F202501104.pdf,06/01/2025 10:17:02,03/06/2025 09:33:57,,Encaissée,FALSE,0,absolute,"2 400,00 €","0,00 €",Projet APT_Marché de Noël_Ateliers_Déc.2024,,BDC 24D004775,,,16/01/2025
IWFH9CVMP7,F202412103,24/12/2024,23/01/2025,COMMUNE DE SAUMUR,b453b995-3195-4c1e-aa3b-461fcf8db37c,,214903288,"7 785,46 €","1 213,58 €","6 571,88 €",€,Facture-COMMUNE DE SAUMUR-LES FANTOMES PRODUCTIONS-F202412103.pdf,24/12/2024 15:38:50,03/06/2025 09:41:24,,Encaissée,FALSE,0,relative,"7 785,46 €","0,00 €",FANTÔMOBILE_Ville de Saumur_Déc.2024,,,A partir du devis numéro DEV00131,,30/12/2024
BCUUZAYPAZ,F202412102,20/12/2024,19/01/2025,COMMUNE DE SAUMUR,b453b995-3195-4c1e-aa3b-461fcf8db37c,,214903288,"-1 648,68 €","-274,78 €","-1 373,90 €",€,Avoir-COMMUNE DE SAUMUR-LES FANTOMES PRODUCTIONS-F202412102.pdf,20/12/2024 10:47:06,18/12/2025 10:31:33,,Annulée,FALSE,0,relative,"0,00 €","0,00 €",Acompte 15%_Projet FANTÔMOBILE SAUMUR_Déc.2024,,**DEV00117,Avoir concernant la facture F20240994,,
PRQHVBD4AG,F202412100,12/12/2024,14/03/2025,COMMUNE DE LA CHAPELLE-SAINT-LUC,b3fd54b2-b72c-4e05-8bf7-abde7ac1e642,,211000765,"3 420,00 €","570,00 €","2 850,00 €",€,Facture-COMMUNE DE LA CHAPELLE-SAINT-LUC-LES FANTOMES PRODUCTIONS-F202412100.pdf,12/12/2024 11:47:54,03/06/2025 09:37:03,,Encaissée,FALSE,0,relative,"3 420,00 €","0,00 €",BUDGET FANTÔMOBILE_La Chapelle-Saint-Luc_NOV 2024,"du 12 au 14 nov 2024
frais équipe (logement + repas) pris en charge directement par le Client.",,A partir du devis numéro DEV00115,,13/02/2025
ITCJ6AUYVT,F20241299,12/12/2024,12/12/2024,COMMUNE DE LA CHAPELLE-SAINT-LUC,b3fd54b2-b72c-4e05-8bf7-abde7ac1e642,,211000765,"-3 410,00 €","-560,00 €","-2 850,00 €",€,Avoir-COMMUNE DE LA CHAPELLE-SAINT-LUC-LES FANTOMES PRODUCTIONS-F20241299.pdf,12/12/2024 11:43:41,08/12/2025 14:52:29,,Annulée,FALSE,0,relative,"0,00 €","0,00 €",BUDGET FANTÔMOBILE_La Chapelle-Saint-Luc_NOV 2024,"du 12 au 14 nov 2024
frais équipe (logement + repas) pris en charge directement par le Client.",,Avoir concernant la facture F20241297,,
E3SWJAGCC5,F202412101,12/12/2024,11/01/2025,ETS PUBLIC PARC GRANDE HALLE VILLETTE,cf2f00f7-210f-4bda-9ecc-e76ba69a71ab,,391406956,"4 231,20 €","705,20 €","3 526,00 €",€,Facture-ETS PUBLIC PARC GRANDE HALLE VILLETTE-LES FANTOMES PRODUCTIONS-F202412101.pdf,12/12/2024 10:11:49,03/06/2025 09:41:52,,Encaissée,FALSE,0,relative,"4 231,20 €","0,00 €",BUDGET FANTÔMOBILE_MF La Chapelle-St-Luc_NOV 24,du 12 au 14 nov 2024,,A partir du devis numéro DEV00124,,19/12/2024
FLCSSI7ZEL,F20241298,12/12/2024,11/01/2025,ETS PUBLIC PARC GRANDE HALLE VILLETTE,cf2f00f7-210f-4bda-9ecc-e76ba69a71ab,,391406956,"-4 086,00 €","-560,00 €","-3 526,00 €",€,Avoir-ETS PUBLIC PARC GRANDE HALLE VILLETTE-LES FANTOMES PRODUCTIONS-F20241298.pdf,12/12/2024 10:07:56,18/12/2025 10:35:18,,Annulée,FALSE,0,relative,"0,00 €","0,00 €",BUDGET FANTÔMOBILE_MF La Chapelle-St-Luc_NOV 24,du 12 au 14 nov 2024,,Avoir concernant la facture F20241296,,
JEFAMFEO3N,F20241297,11/12/2024,13/03/2025,COMMUNE DE LA CHAPELLE-SAINT-LUC,b3fd54b2-b72c-4e05-8bf7-abde7ac1e642,,211000765,"3 410,00 €","560,00 €","2 850,00 €",€,Facture-COMMUNE DE LA CHAPELLE-SAINT-LUC-LES FANTOMES PRODUCTIONS-F20241297.pdf,11/12/2024 13:11:43,03/06/2025 09:54:33,,Annulée,FALSE,0,relative,"0,00 €","0,00 €",BUDGET FANTÔMOBILE_La Chapelle-Saint-Luc_NOV 2024,"du 12 au 14 nov 2024
frais équipe (logement + repas) pris en charge directement par le Client.",,A partir du devis numéro DEV00115,,
NRAJOS6F7V,F20241296,11/12/2024,10/01/2025,ETS PUBLIC PARC GRANDE HALLE VILLETTE,cf2f00f7-210f-4bda-9ecc-e76ba69a71ab,,391406956,"4 086,00 €","560,00 €","3 526,00 €",€,Facture-ETS PUBLIC PARC GRANDE HALLE VILLETTE-LES FANTOMES PRODUCTIONS-F20241296.pdf,11/12/2024 13:07:32,03/06/2025 09:54:19,,Annulée,FALSE,0,relative,"0,00 €","0,00 €",BUDGET FANTÔMOBILE_MF La Chapelle-St-Luc_NOV 24,du 12 au 14 nov 2024,,A partir du devis numéro DEV00124,,
FJZ7MIXUOS,F20241295,11/12/2024,10/01/2025,COMMUNE DE SAUMUR,b453b995-3195-4c1e-aa3b-461fcf8db37c,,214903288,"-1 373,90 €","0,00 €","-1 373,90 €",€,Avoir-COMMUNE DE SAUMUR-LES FANTOMES PRODUCTIONS-F20241295.pdf,11/12/2024 09:06:23,21/01/2026 10:53:09,,Annulée,FALSE,0,relative,"0,00 €","0,00 €",Acompte 15%_Projet FANTÔMOBILE SAUMUR_Déc.2024,,**DEV00117,Avoir concernant la facture F20240990,,
J3NE9XPPBR,F20240994,24/09/2024,24/10/2024,COMMUNE DE SAUMUR,b453b995-3195-4c1e-aa3b-461fcf8db37c,,214903288,"1 648,68 €","274,78 €","1 373,90 €",€,Facture-COMMUNE DE SAUMUR-LES FANTOMES PRODUCTIONS-F20240994.pdf,11/12/2024 09:05:57,03/06/2025 09:38:39,,Annulée,FALSE,0,relative,"0,00 €","0,00 €",Acompte 15%_Projet FANTÔMOBILE SAUMUR_Déc.2024,,**DEV00117,,,
ZQR3IYQNN7,F20241293,03/12/2024,02/01/2025,COMMUNE DE MARANS,5476d14e-97f7-437b-aac3-e00d2adea9cc,,211702188,"8 460,00 €","1 410,00 €","7 050,00 €",€,Facture-COMMUNE DE MARANS-LES FANTOMES PRODUCTIONS-F20241293.pdf,03/12/2024 11:27:54,03/06/2025 09:38:17,,Encaissée,FALSE,0,relative,"8 460,00 €","0,00 €",Projection Marans - Volet technique - Nov 2024,,BDC 0020240317,A partir du devis numéro DEV00119,,16/12/2024
HDDQ13UOYW,F20241092,25/10/2024,24/11/2024,CA DU PAYS BASQUE,5cbe4ba5-e1ee-4f5d-8ba1-e352e9907e48,,200067106,"16 800,00 €","0,00 €","16 800,00 €",€,Facture-CA DU PAYS BASQUE-LES FANTOMES PRODUCTIONS-F20241092.pdf,25/10/2024 10:30:20,10/06/2025 14:50:54,,Encaissée,FALSE,0,relative,"16 800,00 €","0,00 €",PROJET FE PDV_Ville de Bayonne_16-20 OCT 2024,,"BDC CT240555
Ref DEVIS DEV00125","TVA non applicable, art. 293 B du Code général des impôts","Philippe Dubost le 10/06/2025
C'est une association qui a fait appel à nos services 

Charlène MARTIN le 03/06/2025
@Philippe Dubost Pourquoi ne pas mettre de TVA ?",08/11/2024
S3FYQOSS8R,F20241091,10/10/2024,09/11/2024,COMMUNE D APT,acd920e6-deb4-4952-8dd4-f614b3a9827b,,218400034,"4 293,33 €","0,00 €","4 293,33 €",€,Facture-COMMUNE D APT-LES FANTOMES PRODUCTIONS-F20241091.pdf,10/10/2024 10:31:51,21/05/2025 21:46:24,,Encaissée,FALSE,0,relative,"4 293,33 €","0,00 €",Acompte 15%_FANTÔMOBILE APT_Marché de Noël 2024,,BDC 24D004776,"A partir du devis numéro DEV00129
TVA non applicable, art. 293 B du Code général des impôts",,07/11/2024
8KFHTHZ1OI,F20240990,24/09/2024,24/10/2024,COMMUNE DE SAUMUR,b453b995-3195-4c1e-aa3b-461fcf8db37c,,214903288,"1 373,90 €","0,00 €","1 373,90 €",€,Facture-COMMUNE DE SAUMUR-LES FANTOMES PRODUCTIONS-F20240990.pdf,24/09/2024 13:29:22,11/12/2024 09:07:06,,Annulée,FALSE,0,relative,"0,00 €","0,00 €",Acompte 15%_Projet FANTÔMOBILE SAUMUR_Déc.2024,,**DEV00117,,"William PINEAU le 15/10/2024
@Philippe Dubost Les acomptes sont soumis à TVA. Il faut émettre un avoir pour annuler cette facture et la refaire avec 20% de tva comme une facture normale please.",
RWR7MLLMP1,F20240989,24/09/2024,24/10/2024,COMMUNE DE SAUMUR,b453b995-3195-4c1e-aa3b-461fcf8db37c,,214903288,"-1 648,68 €","-274,78 €","-1 373,90 €",€,Avoir-COMMUNE DE SAUMUR-LES FANTOMES PRODUCTIONS-F20240989.pdf,24/09/2024 13:22:57,21/01/2026 10:53:09,,Annulée,FALSE,0,relative,"0,00 €","0,00 €",Acompte 15%_Projet FANTÔMOBILE SAUMUR_Déc.2024,,**DEV00117,Avoir concernant la facture F20240988,,
7AN7QHGHIL,F20240988,24/09/2024,24/10/2024,COMMUNE DE SAUMUR,b453b995-3195-4c1e-aa3b-461fcf8db37c,,214903288,"1 648,68 €","274,78 €","1 373,90 €",€,Facture-COMMUNE DE SAUMUR-LES FANTOMES PRODUCTIONS-F20240988.pdf,24/09/2024 07:39:29,03/06/2025 09:38:31,,Annulée,FALSE,0,relative,"0,00 €","0,00 €",Acompte 15%_Projet FANTÔMOBILE SAUMUR_Déc.2024,,**DEV00117,,,
MRYCXOQ3UK,F20240987,16/09/2024,16/10/2024,MOCO MUSEUM BARCELONA,ab239661-39e0-4e8f-b30c-d023075d45fb,,,"5 000,00 €","0,00 €","5 000,00 €",€,Facture-MOCO MUSEUM BARCELONA-LES FANTOMES PRODUCTIONS-F20240987.pdf,16/09/2024 12:33:13,03/06/2025 09:51:11,,Encaissée,FALSE,0,relative,"5 000,00 €","0,00 €",Les Fantômes x Moco Museum_License renewal,,,"A partir du devis numéro DEV00127
This is a tax-free intra EU invoice (Autoliquidation Art 39 bis – livraison intracommunautaire)",,23/01/2025
K7JGRISMWI,F20240786,08/07/2024,07/08/2024,ETS PUBLIC PARC GRANDE HALLE VILLETTE,cf2f00f7-210f-4bda-9ecc-e76ba69a71ab,,391406956,"4 465,80 €","744,30 €","3 721,50 €",€,Facture-ETS PUBLIC PARC GRANDE HALLE VILLETTE-LES FANTOMES PRODUCTIONS-F20240786.pdf,08/07/2024 15:48:25,03/06/2025 09:43:31,,Encaissée,FALSE,0,relative,"4 465,80 €","0,00 €",PACK MICRO-FESTIVAL MF St-Gilles_Juin 2024,,,A partir du devis numéro DEV00123,,31/07/2024
XH9WCFKOFY,F20240785,08/07/2024,07/08/2024,COMMUNE DE SAINT-GILLES,62558d22-5014-49df-9f49-1d1b7a897f9d,,213002587,"3 768,60 €","628,10 €","3 140,50 €",€,Facture-COMMUNE DE SAINT-GILLES-LES FANTOMES PRODUCTIONS-F20240785.pdf,08/07/2024 15:39:15,03/06/2025 09:43:05,,Encaissée,FALSE,0,relative,"3 768,60 €","0,00 €",PACK MICRO-FESTIVAL MF ST-GILLES_Juin 2024,,BDC: C2024001392,A partir du devis numéro DEV00121,,30/07/2024
JQCISUNQ4V,F20240784,08/07/2024,07/08/2024,COMMUNE DE SAINT-GILLES,62558d22-5014-49df-9f49-1d1b7a897f9d,,213002587,"770,40 €","128,40 €","642,00 €",€,Facture-COMMUNE DE SAINT-GILLES-LES FANTOMES PRODUCTIONS-F20240784.pdf,08/07/2024 15:36:17,03/06/2025 09:42:46,,Encaissée,FALSE,0,relative,"770,40 €","0,00 €",Frais équipe_MICRO-FESTIVAL MF ST GILLES_Juin 2024,,BDC: C2024001366,A partir du devis numéro DEV00122,,30/07/2024
6RM8UKMVRM,F20240683,18/06/2024,19/07/2024,WE& La Boite de Scène,fe75d6d5-d389-4879-8373-897216642d7f,,843759135,"43 224,00 €","7 204,00 €","36 020,00 €",€,Facture-WE& La Boite de Scène-LES FANTOMES PRODUCTIONS-F20240683.pdf,18/06/2024 14:20:43,03/06/2025 09:43:49,,Encaissée,FALSE,0,relative,"43 224,00 €","0,00 €",Facture finale_Livraison projet DURAS_JUIN 2024,,,,,12/07/2024
9K4GBALRXF,F20240682,18/06/2024,18/07/2024,Oysho España S.A. C.I.F. A15026347,fefa61cb-3025-459e-8ec1-298cfc08e1c7, C.I.F.  A15026347,,"43 250,00 €","0,00 €","43 250,00 €",€,Facture-Oysho España S.A. C.I.F. A15026347-LES FANTOMES PRODUCTIONS-F20240682.pdf,18/06/2024 13:56:18,29/08/2024 11:16:26,,Encaissée,FALSE,0,relative,"43 250,00 €","0,00 €",Production Phase_OYSHO La Coruna Project,,"Last 50% payment_Production Phase 
Oysho new store,  La Coruña - Spain
Purchase order: 14649972","VAT not applicable - reverse charge applies
The payment policy is transfer confirming within 30 days. Payment dates are the 1st and 15th of each month, invoice date due.",,01/08/2024
IDTYPW4X2E,F20240681,04/06/2024,04/07/2024,ETS PUBLIC PARC GRANDE HALLE VILLETTE,cf2f00f7-210f-4bda-9ecc-e76ba69a71ab,,391406956,"5 138,40 €","856,40 €","4 282,00 €",€,Facture-ETS PUBLIC PARC GRANDE HALLE VILLETTE-LES FANTOMES PRODUCTIONS-F20240681.pdf,04/06/2024 08:08:53,03/06/2025 09:45:16,,Encaissée,FALSE,0,relative,"5 138,40 €","0,00 €",Déploiement Micro-Folie Porticcio_25 et 26/05/24,,,A partir du devis numéro DEV00114,,18/06/2024
G6L4LVLNYD,F20240680,04/06/2024,04/07/2024,PORTICCIO,59bc1f6a-99f4-41da-b2b9-31e01df40d46,,828007427,"4 670,88 €","778,48 €","3 892,40 €",€,Facture-PORTICCIO-LES FANTOMES PRODUCTIONS-F20240680.pdf,04/06/2024 08:02:14,03/06/2025 09:44:51,,Encaissée,FALSE,0,relative,"4 670,88 €","0,00 €",Déploiement Micro-Folie Porticcio_25 et 26/05/24,,,A partir du devis numéro DEV0099,,07/08/2024
CHGMPXEDJD,F20240579,13/05/2024,12/06/2024,COMMUNE DE AGNEAUX,ebce7d9c-8f04-413d-83ed-545cba5af815,,215000027,"323,04 €","53,84 €","269,20 €",€,Facture-COMMUNE DE AGNEAUX-LES FANTOMES PRODUCTIONS-F20240579.pdf,13/05/2024 10:20:47,03/06/2025 09:45:51,,Encaissée,FALSE,0,relative,"323,04 €","0,00 €",Frais équipe_Déploiement Fantômaton 11.05.24,,,A partir du devis numéro DEV00118,,05/06/2024
U3IZTT0SVZ,F20240578,13/05/2024,12/06/2024,ETS PUBLIC PARC GRANDE HALLE VILLETTE,cf2f00f7-210f-4bda-9ecc-e76ba69a71ab,,391406956,"2 107,00 €","220,00 €","1 887,00 €",€,Facture-ETS PUBLIC PARC GRANDE HALLE VILLETTE-LES FANTOMES PRODUCTIONS-F20240578.pdf,13/05/2024 10:09:12,03/06/2025 09:53:43,,Encaissée,FALSE,0,relative,"2 107,00 €","0,00 €",Déploiement Fantômaton_Commune Agneaux_11.05.24,,,A partir du devis numéro DEV00103,,01/07/2024
IQBZD6J56Q,F20240577,07/05/2024,07/06/2024,Oysho España S.A. C.I.F. A15026347,fefa61cb-3025-459e-8ec1-298cfc08e1c7, C.I.F.  A15026347,,"13 700,00 €","0,00 €","13 700,00 €",€,Facture-Oysho España S.A.  C.I.F.  A15026347-LES FANTOMES PRODUCTIONS-F20240577.pdf,07/05/2024 13:20:22,29/08/2024 11:16:51,,Encaissée,FALSE,0,relative,"13 700,00 €","0,00 €",PRODUCTION_SOCIAL VIDEOS_OYSHO La Coruna Project,,"Extra budget for social network output
Oysho new store,  La Coruña - Spain
Purchase order: 14821497","VAT not applicable - reverse charge applies
The payment policy is transfer confirming within 30 days. Payment dates are the 1st and 15th of each month, invoice date due.",,01/08/2024
HPJCTNHMGA,F20240376,29/03/2024,29/04/2024,WE& La Boite de Scène,fe75d6d5-d389-4879-8373-897216642d7f,,843759135,"13 920,00 €","2 320,00 €","11 600,00 €",€,Facture-WE& La Boite de Scène-LES FANTOMES PRODUCTIONS-F20240376.pdf,05/04/2024 08:12:47,06/08/2024 08:58:17,,Encaissée,FALSE,0,relative,"13 920,00 €","0,00 €",Facture d'acompte_Phase 1_CHÂTEAU DE DURAS,,,Avoir concernant la facture F20240172,,15/04/2024
H393ZWUAXJ,F20240475,05/04/2024,05/05/2024,WE& La Boite de Scène,fe75d6d5-d389-4879-8373-897216642d7f,,843759135,"-13 920,00 €","-2 320,00 €","-11 600,00 €",€,Avoir-Agence WE& La boite de Scène-LES FANTOMES PRODUCTIONS-F20240475.pdf,05/04/2024 08:01:35,16/06/2025 14:11:48,,Annulée,FALSE,0,relative,"0,00 €","0,00 €",Facture d'acompte_Phase 1_CHÂTEAU DE DURAS,,,Avoir concernant la facture F20240172,,
LOTX8DHPAJ,F20240274,09/02/2024,18/02/2024,Oysho España S.A. C.I.F. A15026347,fefa61cb-3025-459e-8ec1-298cfc08e1c7, C.I.F.  A15026347,,"43 250,00 €","0,00 €","43 250,00 €",€,Facture-Oysho España S.A.  C.I.F.  A15026347-LES FANTOMES PRODUCTIONS-F20240274.pdf,09/02/2024 16:45:41,06/08/2024 08:58:40,,Encaissée,FALSE,0,relative,"43 250,00 €","0,00 €",Design Phase_OYSHO La Coruna Project,,"50% payment_Design Phase
Oysho new store,  La Coruña - Spain
Purchase order: 14649972","VAT not applicable - reverse charge applies
The payment policy is transfer confirming within 30 days. Payment dates are the 1st and 15th of each month, invoice date due.",,18/03/2024
KOIROR0RXW,F20240273,01/02/2024,02/03/2024,AMCSTI,461b6612-4e55-475d-87eb-8416b03c0da7,,333296523,"250,00 €","41,67 €","208,33 €",€,Facture-AMCSTI-LES FANTOMES PRODUCTIONS-F20240273.pdf,01/02/2024 16:17:42,06/08/2024 08:58:53,,Encaissée,FALSE,0,relative,"250,00 €","0,00 €",Intervention Webinaire INTERMED_AMCSTI_7.02.24,,,,,16/02/2024
CMFCUS6HMO,F20240172,29/01/2024,28/02/2024,WE& La Boite de Scène,fe75d6d5-d389-4879-8373-897216642d7f,,843759135,"13 920,00 €","2 320,00 €","11 600,00 €",€,"Facture-Agence WE&, By Events-LES FANTOMES PRODUCTIONS-F20240172.pdf",29/01/2024 10:33:07,06/08/2024 08:59:00,,Annulée,FALSE,0,relative,"0,00 €","0,00 €",Facture d'acompte_Phase 1_CHÂTEAU DE DURAS,,,,,
WMWMYP81IP,F20240171,25/01/2024,03/02/2024,Oysho España S.A. C.I.F. A15026347,fefa61cb-3025-459e-8ec1-298cfc08e1c7, C.I.F.  A15026347,,"4 700,00 €","0,00 €","4 700,00 €",€,Facture-Oysho España S.A.  C.I.F.  A15026347-LES FANTOMES PRODUCTIONS-F20240171.pdf,25/01/2024 10:54:49,21/05/2025 20:24:26,,Encaissée,FALSE,0,relative,"4 700,00 €","0,00 €",Conception Phase_OYSHO La Coruna Project,,"Preliminary Concept and feasibility study
Oysho new store,  La Coruña - Spain
Purchase order: 14575755","From estimate number DEV00104
VAT not applicable - reverse charge applies

The payment policy is transfer confirming within 30 days. Payment dates are the 1st and 15th of each month, invoice date due.",,01/02/2024
3LCZWCVH9U,F20231270,19/12/2023,18/01/2024,COMMUNE DE SAINT-GILLES-CROIX-DE-VIE,17a75865-1411-4c85-a109-ca1f6e0dfae6,,218502227,"7 475,52 €","1 245,92 €","6 229,60 €",€,Facture-COMMUNE DE SAINT-GILLES-CROIX-DE-VIE-LES FANTOMES PRODUCTIONS-F20231270.pdf,19/12/2023 12:11:24,06/08/2024 09:01:11,,Encaissée,FALSE,1332,absolute,"7 475,52 €","0,00 €",Déploiement Les Fantômes_Projet Noël_13-16.12,,"Ref devis: DEV0073
Facture acompte 15%: F20230351
2 Fantômatons + 1 Projection de clôture ",,,08/01/2024
J8P1HFNNRA,F20231269,18/12/2023,17/01/2024,LES FRANCAS DE L AISNE,e6d37410-fe53-4041-b6aa-bbf3d5d138aa,,325016715,"11 736,21 €","1 736,21 €","10 000,00 €",€,Facture-LES FRANCAS DE L AISNE-LES FANTOMES PRODUCTIONS-F20231269.pdf,18/12/2023 10:11:47,06/08/2024 09:03:09,,Encaissée,FALSE,3344,absolute,"11 736,21 €","0,00 €",Déploiement Projet Numérique 2023 EVS_Déc. 2023,,"'- 8 Fantômatons sur 4 jours 
- 1 Projection Fantômobile 
Ref devis DEV0083
Facture 20% acompte F20230655",,,21/12/2023
WTI8JQOR04,F20231268,14/12/2023,27/12/2023,ASS. ARTISTIQUE DIVERSITES NUMERIQUES,2da8840a-1979-48f1-85f8-4844d4e80662,,484752928,"16 588,00 €","1 508,00 €","15 080,00 €",€,Facture-ASS. ARTISTIQUE DIVERSITES NUMERIQUES-LES FANTOMES PRODUCTIONS-F20231268.pdf,14/12/2023 11:56:19,06/08/2024 09:03:40,,Encaissée,FALSE,0,relative,"16 588,00 €","0,00 €",Déploiement Les Fantômes à La Duchère_FDL23,,,,,"11/01/2024
15/01/2024"
ZNSUAEIYLV,F20231167,30/11/2023,30/12/2023,COMMUNE DE CLISSON,f72c4bae-f987-4287-8aea-5f3dc3757160,,214400434,"6 623,39 €","1 096,83 €","5 526,56 €",€,Facture-COMMUNE DE CLISSON-LES FANTOMES PRODUCTIONS-F20231167.pdf,30/11/2023 09:01:09,06/08/2024 09:04:24,,Encaissée,FALSE,20,relative,"6 623,39 €","0,00 €",Déploiement 10 ans médiathèque de Clisson_NOV23,,,,"Sophie Barbaron le 19/12/2023
@Philippe Dubost Attention il y a une partie de la facturation qui n'est pas soumise à TVA",22/12/2023
OENGHAHLXZ,F20231065,30/10/2023,29/11/2023,CONSERVATOIRE NATIONAL DES ARTS ET METIERS,39775258-0044-4d39-8011-380649fcd1ef,,197534712,"4 618,56 €","769,76 €","3 848,80 €",€,Facture-CONSERVATOIRE NATIONAL DES ARTS ET METIERS-LES FANTOMES PRODUCTIONS-F20231065.pdf,30/10/2023 13:32:22,06/08/2024 09:14:30,,Encaissée,FALSE,0,relative,"4 618,56 €","0,00 €",Déploiement ateliers Fantômaton - 28 et 29.10.23,,"DEV0096
REF 4500186542",,,17/11/2023
K41EKTZZBK,F20231166,03/11/2023,16/11/2023,ASS. ARTISTIQUE DIVERSITES NUMERIQUES,2da8840a-1979-48f1-85f8-4844d4e80662,,484752928,"24 882,00 €","2 262,00 €","22 620,00 €",€,Facture-ASS. ARTISTIQUE DIVERSITES NUMERIQUES-LES FANTOMES PRODUCTIONS-F20231166.pdf,17/10/2023 14:46:55,06/08/2024 09:04:40,,Encaissée,FALSE,0,relative,"24 882,00 €","0,00 €",Déploiement Les Fantômes à La Duchère_FDL23,,,,,"09/11/2023
20/11/2023
20/11/2023"
EI3YCD5PDP,F20230859,04/08/2023,07/08/2023,Divers (ne pas utiliser),1b2aeb37-296f-4bc6-8f0e-7f7b1b6386f3,,300020047,"832,56 €","138,76 €","693,80 €",€,000068.pdf,29/09/2023 13:26:21,06/08/2024 09:12:28,,Encaissée,FALSE,0,relative,"832,56 €","0,00 €",,,,,,15/08/2023
WHHEHLBFFD,F20230861,12/08/2023,17/08/2023,Divers (ne pas utiliser),1b2aeb37-296f-4bc6-8f0e-7f7b1b6386f3,,300020047,"4 128,00 €","688,00 €","3 440,00 €",€,000070.pdf,29/09/2023 13:26:21,06/08/2024 09:08:55,,Encaissée,FALSE,0,relative,"4 128,00 €","0,00 €",,,,,,01/09/2023
ORABJKVAHR,F20230858,04/08/2023,07/08/2023,ETS PUBLIC PARC GRANDE HALLE VILLETTE,cf2f00f7-210f-4bda-9ecc-e76ba69a71ab,,391406956,"1 702,80 €","283,80 €","1 419,00 €",€,000067.pdf,29/09/2023 13:26:21,06/08/2024 09:12:03,,Encaissée,FALSE,0,relative,"1 702,80 €","0,00 €",,,,,,22/08/2023
PTGJJCHHPO,F20230756,06/07/2023,12/08/2023,Divers (ne pas utiliser),1b2aeb37-296f-4bc6-8f0e-7f7b1b6386f3,,300020047,"1 032,00 €","172,00 €","860,00 €",€,000065.pdf,29/09/2023 13:26:21,27/10/2023 14:39:44,,Encaissée,FALSE,0,relative,"1 032,00 €","0,00 €",,,,,,08/07/2023
7D9DOY7BNG,F20230655,06/06/2023,06/06/2023,LES FRANCAS DE L AISNE,e6d37410-fe53-4041-b6aa-bbf3d5d138aa,,325016715,"3 000,00 €","500,00 €","2 500,00 €",€,000064.pdf,29/09/2023 13:26:21,06/08/2024 09:05:46,,Encaissée,FALSE,0,relative,"3 000,00 €","0,00 €",,,,,,07/06/2023
FAPLUHX86Z,F20230860,07/08/2023,07/08/2023,COMMUNE DE CLISSON,f72c4bae-f987-4287-8aea-5f3dc3757160,,214400434,"1 381,64 €","230,27 €","1 151,37 €",€,000069.pdf,29/09/2023 13:26:21,06/08/2024 09:07:04,,Encaissée,FALSE,0,relative,"1 381,64 €","0,00 €",,,,,,27/06/2023
WTKFN3FTQO,F20230757,21/07/2023,21/07/2023,LES STUDIOS MOMENT FACTORY INC,d65250c9-4094-456b-a15c-57df6913e56a,,834872962,"7 019,25 €","0,00 €","7 019,25 €",€,000066.pdf,29/09/2023 13:26:21,06/08/2024 09:06:07,,Encaissée,FALSE,0,relative,"7 019,25 €","0,00 €",,,,,,28/08/2023
TR3XKFOC1V,F20230964,28/09/2023,28/10/2023,LES STUDIOS MOMENT FACTORY INC,d65250c9-4094-456b-a15c-57df6913e56a,,834872962,"9 359,00 €","0,00 €","9 359,00 €",€,Facture-LES STUDIOS MOMENT FACTORY INC-LES FANTOMES PRODUCTIONS-F20230964.pdf,28/09/2023 21:35:05,06/08/2024 09:07:34,,Encaissée,FALSE,0,relative,"9 359,00 €","0,00 €",PMO Réalisation Multimedia - Fin de Mandat,,"'+33 6.51.56.71.47
philippe@lesfantomes.fr",TVA non applicable – art. 259-1 du CGI,,07/11/2023
DBLWKV9ZRO,F20230963,25/09/2023,25/10/2023,COMMUNE DE PLOUHINEC,3774463b-60e6-47f8-8ba5-654c46b138f3,,215601691,"3 744,96 €","624,16 €","3 120,80 €",€,Facture-COMMUNE DE PLOUHINEC-LES FANTOMES PRODUCTIONS-F20230963.pdf,25/09/2023 14:06:28,06/08/2024 09:13:31,,Encaissée,FALSE,0,relative,"3 744,96 €","0,00 €",Inauguration Micro-Folie Plouhinec 24-23/09/23 ,,,,,03/10/2023
ZD6WIQJWWN,F20230962,25/09/2023,25/10/2023,ETS PUBLIC PARC GRANDE HALLE VILLETTE,cf2f00f7-210f-4bda-9ecc-e76ba69a71ab,,391406956,"3 840,00 €","640,00 €","3 200,00 €",€,Facture-ETS PUBLIC PARC GRANDE HALLE VILLETTE-LES FANTOMES PRODUCTIONS-F20230962.pdf,25/09/2023 13:58:13,06/08/2024 09:12:57,,Encaissée,FALSE,0,relative,"3 840,00 €","0,00 €",Inauguration Micro-Folie Plouhinec 24-23/09/23 ,,,,,07/11/2023